{
  "api.py": 1776363336.5026965,
  "app.py": 1776329016.1180704,
  "core/config.py": 1776328825.0341663,
  "core/__init__.py": 1776328812.9903626,
  "core/llm.py": 1776336563.2838614,
  "core/prompts.py": 1776328846.0768769,
  "core/search.py": 1776367771.0481906,
  "core/crawler.py": 1776367785.4563155,
  "README.md": 1776332917.8759644,
  "requirements/requirements.txt": 1776367752.9857514,
  "requirements/requirements-dev.txt": 1776148409.6565654
}